ref_count,count
1,727267730
2,1162757
3,286864
4,173301
5,93446
6,67190
7,38730
8,28323
9,20442
10,16073
11,12342
12,11123
13,8077
14,7062
15,5906
16,7115
17,5979
18,4202
19,3617
20,3701
21,3024
22,2808
23,2432
24,2395
25,2266
26,2026
27,2077
28,2874
29,2744
30,2027
31,1756
32,1818
33,1684
34,1371
35,1353
36,1185
37,1368
38,1372
39,977
40,1111
41,917
42,857
43,772
44,770
45,658
46,687
47,584
48,653
49,536
50,620
51,500
52,485
53,475
54,427
55,409
56,443
57,415
58,436
59,519
60,513
61,384
62,377
63,341
64,325
65,309
66,394
67,505
68,421
69,344
70,371
71,329
72,372
73,314
74,287
75,296
76,289
77,278
78,284
79,241
80,300
81,260
82,270
83,218
84,281
85,282
86,248
87,185
88,207
89,229
90,229
91,230
92,202
93,158
94,217
95,173
96,154
97,172
98,240
99,280
100,300
101,211
102,166
103,138
104,146
105,164
106,155
107,134
108,141
109,135
110,144
111,131
112,135
113,99
114,115
115,90
116,110
117,99
118,100
119,104
120,120
121,95
122,97
123,92
124,103
125,85
126,98
127,94
128,125
129,96
130,110
131,98
132,105
133,120
134,110
135,127
136,103
137,89
138,108
139,107
140,82
141,71
142,75
143,67
144,83
145,93
146,108
147,147
148,173
149,157
150,119
151,63
152,63
153,70
154,70
155,54
156,61
157,75
158,63
159,64
160,58
161,66
162,69
163,69
164,59
165,53
166,53
167,47
168,55
169,44
170,46
171,57
172,67
173,68
174,61
175,93
176,82
177,72
178,80
179,70
180,55
181,50
182,62
183,43
184,47
185,51
186,67
187,44
188,42
189,63
190,45
191,39
192,30
193,42
194,39
195,42
196,39
197,32
198,36
199,35
200,43
201,40
202,50
203,36
204,36
205,35
206,58
207,50
208,57
209,49
210,47
211,60
212,51
213,51
214,28
215,40
216,26
217,29
218,35
219,39
220,38
221,28
222,27
223,41
224,29
225,28
226,29
227,29
228,27
229,24
230,23
231,39
232,39
233,22
234,28
235,23
236,25
237,31
238,27
239,29
240,22
241,31
242,20
243,26
244,21
245,20
246,25
247,21
248,23
249,23
250,23
251,33
252,23
253,21
254,24
255,27
256,26
257,17
258,31
259,22
260,25
261,27
262,20
263,28
264,26
265,28
266,23
267,20
268,21
269,34
270,30
271,33
272,31
273,22
274,24
275,19
276,34
277,39
278,30
279,35
280,34
281,20
282,25
283,22
284,23
285,16
286,27
287,22
288,21
289,30
290,23
291,28
292,21
293,30
294,25
295,19
296,33
297,40
298,19
299,20
300,26
301,18
302,18
303,18
304,21
305,19
306,24
307,24
308,27
309,30
310,32
311,21
312,27
313,13
314,25
315,17
316,14
317,19
318,19
319,17
320,21
321,22
322,24
323,14
324,18
325,21
326,21
327,19
328,20
329,12
330,17
331,25
332,25
333,37
334,30
335,17
336,18
337,14
338,18
339,20
340,19
341,21
342,15
343,18
344,22
345,22
346,14
347,15
348,21
349,17
350,11
351,16
352,12
353,14
354,15
355,10
356,15
357,14
358,15
359,12
360,13
361,10
362,20
363,14
364,13
365,13
366,14
367,24
368,14
369,13
370,14
371,16
372,11
373,16
374,20
375,28
376,31
377,19
378,18
379,14
380,11
381,12
382,13
383,21
384,18
385,11
386,13
387,20
388,14
389,11
390,13
391,20
392,16
393,13
394,12
395,16
396,15
397,18
398,12
399,14
400,17
401,12
402,20
403,12
404,8
405,12
406,9
407,14
408,6
409,15
410,6
411,13
412,4
413,8
414,18
415,6
416,10
417,14
418,10
419,28
420,11
421,11
422,12
423,14
424,11
425,16
426,7
427,14
428,9
429,18
430,15
431,11
432,27
433,22
434,23
435,17
436,16
437,17
438,15
439,19
440,18
441,10
442,14
443,16
444,16
445,17
446,14
447,11
448,17
449,14
450,11
451,17
452,13
453,12
454,11
455,11
456,17
457,13
458,16
459,8
460,13
461,11
462,8
463,13
464,14
465,9
466,11
467,11
468,9
469,8
470,13
471,10
472,13
473,6
474,9
475,10
476,9
477,15
478,13
479,8
480,5
481,9
482,9
483,10
484,7
485,4
486,7
487,14
488,16
489,9
490,14
491,12
492,11
493,10
494,10
495,10
496,8
497,9
498,4
499,15
500,12
501,17
502,9
503,6
504,7
505,6
506,8
507,8
508,16
509,18
510,8
511,10
512,11
513,11
514,16
515,11
516,11
517,14
518,8
519,9
520,11
521,13
522,7
523,5
524,6
525,9
526,8
527,8
528,7
529,7
530,6
531,5
532,10
533,9
534,11
535,8
536,5
537,8
538,9
539,5
540,4
541,8
542,8
543,8
544,6
545,9
546,8
547,9
548,5
549,6
550,7
551,6
552,8
553,9
554,7
555,11
556,5
557,11
558,6
559,5
560,2
561,4
562,11
563,6
564,9
565,8
566,8
567,8
568,5
569,2
570,4
571,3
572,8
573,10
574,3
575,6
576,6
577,3
578,4
579,4
580,5
581,2
582,6
583,4
584,6
585,4
586,7
587,5
588,2
589,3
590,6
591,5
592,5
593,6
594,6
595,3
596,7
597,7
598,2
599,5
600,6
601,8
602,6
603,3
604,8
605,5
606,6
607,4
608,4
609,5
610,3
611,9
612,1
613,2
614,7
615,7
616,5
617,2
618,4
619,6
620,3
621,5
622,8
623,5
624,7
625,5
626,5
627,10
629,5
630,3
631,3
632,2
633,3
634,8
635,9
636,2
637,6
638,1
639,6
640,4
641,5
642,10
643,5
644,4
645,6
646,3
647,5
648,10
649,8
650,9
651,9
652,4
653,5
654,8
655,4
656,5
657,4
658,4
659,3
660,6
661,6
662,6
663,3
664,7
665,5
666,2
667,8
668,1
669,5
670,5
671,7
672,7
673,4
675,2
676,3
677,4
678,7
679,6
680,6
681,3
682,2
683,10
684,4
685,2
686,6
687,6
688,3
689,7
690,2
691,10
692,1
693,3
694,2
695,5
696,6
697,5
698,5
699,2
701,7
702,3
703,3
704,2
705,2
706,4
707,5
708,3
709,6
710,7
711,6
712,4
713,5
714,2
715,2
716,4
717,3
718,3
719,5
720,4
721,5
722,4
723,5
724,5
725,6
727,5
728,2
729,5
731,5
733,3
734,2
735,3
736,3
737,3
738,2
739,1
740,3
741,7
742,5
743,1
744,2
745,3
746,2
747,2
748,5
749,3
752,6
753,4
754,2
755,3
756,4
757,5
758,2
759,6
760,6
761,5
762,1
763,6
764,5
765,2
766,5
767,1
769,5
770,5
771,4
772,4
774,4
775,1
776,3
777,5
778,2
779,1
780,3
781,2
782,2
783,1
784,3
785,5
786,2
787,4
788,4
789,4
790,3
791,3
793,2
794,2
795,4
796,1
797,2
798,5
799,5
800,3
801,7
802,4
803,6
804,1
805,3
807,6
809,3
810,1
811,2
812,3
813,3
814,6
815,2
816,3
817,8
818,6
819,4
820,4
821,2
822,6
823,5
824,6
825,2
826,9
827,3
828,4
829,3
830,3
831,5
832,3
833,3
834,2
835,2
836,3
837,1
838,3
839,5
840,3
841,3
842,2
843,3
844,2
845,3
846,1
847,3
848,3
849,6
850,5
851,2
852,1
853,2
854,1
855,5
856,5
857,1
858,2
859,3
860,6
861,1
862,3
863,7
864,1
865,4
866,3
867,4
868,3
869,1
870,1
871,7
872,3
873,3
875,3
876,3
877,4
879,1
880,4
881,1
882,4
883,3
884,4
885,3
886,8
887,4
888,7
889,4
890,4
891,4
892,2
893,3
894,3
895,6
896,3
897,1
898,4
899,4
900,3
901,6
902,2
903,1
904,1
905,3
906,3
907,2
908,1
909,1
911,3
912,2
913,2
914,1
915,2
916,1
917,1
918,4
919,2
920,4
921,5
922,2
923,3
924,2
925,1
926,2
927,4
928,1
929,3
930,3
931,1
932,3
933,2
934,4
935,4
936,4
937,4
938,2
939,1
940,3
941,2
942,4
943,3
944,1
945,2
946,2
947,3
948,3
949,2
950,2
952,1
953,1
954,5
955,5
956,3
957,2
958,2
960,1
961,2
962,2
963,3
965,2
966,2
967,1
969,2
970,3
971,1
972,2
973,2
975,4
977,4
978,2
979,3
980,1
981,1
982,3
984,3
985,4
986,3
987,1
988,3
989,4
990,2
991,1
992,2
994,1
995,1
996,2
997,2
998,2
999,8
1000,10
1001,7
1002,4
1003,4
1004,1
1006,1
1007,1
1009,2
1010,2
1011,4
1012,4
1013,2
1014,3
1015,3
1016,2
1017,4
1018,2
1019,1
1020,4
1021,2
1022,5
1023,3
1024,1
1025,4
1026,3
1027,2
1028,2
1029,2
1030,4
1031,2
1032,1
1033,4
1034,3
1035,1
1036,2
1038,2
1039,3
1040,1
1041,2
1042,3
1043,2
1044,6
1045,4
1046,1
1047,2
1048,2
1051,2
1052,5
1053,3
1054,2
1055,2
1057,3
1058,2
1059,1
1060,1
1061,6
1062,3
1063,2
1064,2
1066,4
1067,1
1068,2
1069,3
1070,2
1071,5
1072,4
1073,2
1074,1
1075,5
1076,2
1077,2
1078,1
1080,1
1081,1
1082,2
1083,2
1084,3
1085,1
1086,1
1088,1
1089,2
1090,2
1091,6
1092,2
1094,2
1096,2
1097,3
1098,1
1099,2
1100,3
1101,2
1102,4
1103,3
1105,2
1108,4
1109,5
1110,5
1111,2
1112,4
1113,1
1114,2
1115,2
1117,3
1118,4
1119,2
1121,2
1122,1
1123,2
1124,3
1125,3
1126,1
1127,1
1129,5
1130,1
1131,2
1132,3
1133,5
1134,1
1135,2
1137,3
1138,4
1139,2
1140,1
1141,4
1142,2
1144,1
1145,3
1147,1
1148,2
1149,2
1150,4
1151,4
1152,2
1153,1
1154,1
1155,3
1156,2
1157,1
1158,3
1159,5
1160,1
1161,2
1162,1
1164,3
1165,1
1166,1
1167,1
1168,1
1169,4
1170,1
1171,5
1172,3
1173,5
1174,1
1175,1
1176,3
1177,3
1178,4
1179,1
1180,1
1181,1
1182,1
1183,1
1184,3
1185,2
1186,1
1187,2
1188,1
1189,2
1191,3
1192,1
1193,2
1195,2
1196,2
1198,1
1199,2
1200,1
1201,3
1202,1
1203,4
1204,2
1205,3
1207,2
1209,2
1212,1
1213,2
1214,2
1216,1
1217,3
1218,1
1220,1
1221,1
1222,2
1223,1
1225,2
1227,1
1229,2
1230,2
1231,1
1232,3
1233,1
1234,2
1236,1
1237,2
1239,1
1240,2
1243,3
1244,1
1245,1
1246,1
1248,1
1250,1
1252,2
1254,3
1255,2
1258,3
1260,5
1261,1
1262,1
1263,1
1265,3
1266,1
1267,3
1268,2
1270,1
1271,1
1275,3
1276,2
1277,2
1278,2
1279,1
1281,1
1282,3
1283,1
1284,5
1285,1
1286,2
1287,2
1289,3
1290,1
1292,1
1294,1
1295,2
1297,3
1298,1
1300,4
1301,4
1303,1
1304,3
1305,1
1307,1
1308,1
1309,1
1310,1
1311,1
1313,1
1314,3
1316,2
1317,1
1318,1
1319,1
1320,2
1321,1
1327,1
1328,1
1330,1
1332,1
1333,1
1336,2
1337,1
1339,1
1342,1
1343,1
1345,1
1347,2
1348,1
1349,1
1351,1
1352,1
1353,3
1355,1
1357,3
1361,1
1362,1
1363,2
1365,1
1366,1
1367,1
1369,1
1371,1
1375,1
1376,1
1377,1
1378,2
1379,1
1383,2
1384,2
1385,2
1388,2
1389,1
1392,4
1394,2
1395,5
1396,1
1397,1
1398,1
1399,1
1400,4
1401,5
1403,1
1404,2
1405,3
1406,2
1407,4
1408,3
1409,1
1410,1
1411,3
1414,2
1415,2
1416,2
1417,3
1418,1
1419,5
1420,2
1421,3
1423,2
1424,1
1425,2
1427,1
1428,1
1429,3
1430,1
1432,1
1433,1
1434,3
1435,1
1436,1
1439,3
1440,1
1441,2
1442,2
1444,1
1445,2
1446,2
1447,1
1449,1
1450,3
1451,1
1452,1
1453,1
1454,1
1455,2
1456,2
1458,1
1460,1
1462,3
1463,1
1465,1
1466,3
1467,1
1470,1
1471,1
1475,1
1477,1
1479,1
1482,1
1483,2
1487,1
1489,4
1491,1
1492,1
1493,1
1494,2
1497,3
1499,1
1500,1
1501,1
1502,1
1505,1
1507,3
1509,1
1511,2
1513,1
1514,1
1516,1
1518,1
1520,1
1521,1
1522,2
1523,2
1525,1
1526,3
1527,1
1528,4
1529,1
1530,2
1531,2
1532,2
1533,1
1534,2
1535,2
1536,1
1537,1
1540,2
1541,1
1542,1
1543,3
1544,1
1545,1
1548,1
1549,2
1551,1
1552,2
1553,1
1554,2
1555,1
1556,1
1557,1
1558,1
1560,1
1561,1
1562,1
1563,3
1565,1
1566,2
1568,1
1569,1
1571,3
1573,1
1575,2
1576,5
1577,1
1578,2
1579,2
1583,1
1584,4
1585,2
1586,2
1587,3
1590,1
1592,1
1593,2
1595,1
1598,2
1599,1
1600,1
1601,2
1603,2
1604,1
1605,1
1606,2
1607,1
1608,1
1614,1
1616,2
1618,1
1619,1
1622,1
1625,2
1626,1
1627,2
1629,1
1632,1
1633,1
1634,1
1635,1
1638,2
1639,2
1640,2
1641,2
1642,1
1643,1
1644,1
1645,2
1646,1
1648,1
1652,1
1653,1
1654,1
1657,1
1658,1
1659,1
1660,1
1661,1
1663,1
1664,1
1665,1
1666,2
1673,2
1675,2
1678,1
1679,2
1680,1
1684,1
1685,1
1686,1
1688,3
1690,1
1691,2
1693,1
1695,1
1697,1
1698,2
1700,1
1701,2
1702,1
1704,2
1705,1
1706,1
1707,3
1709,3
1710,1
1711,2
1715,2
1716,1
1717,1
1721,1
1723,1
1724,1
1726,2
1727,2
1728,2
1734,1
1735,1
1738,3
1739,2
1742,2
1743,1
1747,1
1751,1
1752,1
1753,3
1755,1
1756,1
1757,2
1759,2
1760,1
1762,1
1765,2
1766,1
1768,1
1772,2
1773,1
1774,2
1775,2
1776,1
1777,3
1781,1
1783,1
1784,2
1786,1
1787,2
1789,2
1791,1
1793,2
1795,3
1797,3
1800,1
1803,2
1804,3
1806,1
1810,2
1813,1
1814,1
1815,2
1816,1
1817,1
1819,2
1820,1
1822,1
1825,1
1827,2
1828,1
1829,1
1833,1
1836,2
1837,1
1843,1
1845,3
1851,2
1852,2
1853,1
1854,2
1857,2
1858,1
1859,1
1862,1
1863,1
1865,1
1867,1
1869,2
1871,1
1872,1
1874,1
1878,2
1879,1
1881,1
1892,1
1895,1
1896,1
1897,1
1899,1
1900,1
1901,2
1902,1
1904,2
1905,1
1907,1
1909,1
1910,1
1911,1
1912,1
1913,1
1922,1
1925,1
1927,2
1928,1
1929,2
1930,1
1935,1
1936,2
1942,1
1944,1
1947,2
1948,2
1949,1
1950,1
1953,1
1954,2
1955,4
1956,1
1959,1
1961,2
1962,3
1963,1
1965,3
1967,2
1968,1
1969,1
1970,2
1974,2
1981,1
1983,3
1986,1
1987,4
1989,1
1993,3
1994,1
1995,1
1996,1
2000,11
2001,1
2002,6
2007,2
2008,2
2009,1
2010,1
2011,1
2015,1
2017,1
2019,1
2020,2
2021,3
2022,1
2023,2
2025,1
2027,1
2028,1
2029,2
2030,2
2032,1
2035,1
2039,2
2044,1
2047,1
2048,1
2052,1
2053,1
2054,2
2055,1
2057,1
2060,3
2067,1
2069,1
2072,1
2074,4
2081,2
2082,1
2084,1
2086,2
2087,1
2089,2
2091,1
2093,2
2099,1
2100,2
2102,1
2103,2
2105,3
2107,2
2108,1
2110,1
2116,2
2117,1
2118,1
2121,1
2125,2
2126,1
2132,1
2134,1
2135,1
2137,2
2139,1
2142,2
2143,1
2144,1
2146,2
2148,1
2152,3
2154,3
2158,1
2159,2
2162,1
2164,3
2167,1
2169,1
2172,1
2175,1
2177,1
2180,2
2182,1
2183,2
2184,2
2188,1
2195,1
2197,1
2200,1
2201,2
2207,1
2208,1
2210,1
2214,1
2218,1
2219,1
2221,1
2227,2
2231,1
2234,1
2238,1
2239,1
2240,3
2241,1
2242,1
2245,1
2248,1
2250,1
2251,2
2252,1
2254,1
2255,1
2257,2
2260,1
2269,2
2271,1
2276,1
2282,1
2285,1
2289,1
2293,1
2297,1
2301,3
2303,3
2304,1
2305,1
2306,1
2311,1
2315,1
2316,1
2321,1
2323,2
2326,1
2328,1
2329,1
2330,2
2335,2
2337,2
2340,1
2342,1
2348,1
2357,1
2358,1
2360,2
2366,1
2368,1
2373,1
2374,1
2380,1
2383,1
2385,1
2390,1
2391,3
2392,1
2393,1
2394,1
2395,2
2396,1
2399,1
2400,4
2410,1
2414,2
2415,1
2416,2
2418,1
2421,2
2424,1
2429,1
2431,1
2432,1
2433,1
2435,1
2440,2
2445,2
2450,1
2453,1
2454,1
2459,1
2460,1
2465,1
2469,1
2477,1
2478,2
2484,1
2485,1
2487,2
2495,2
2496,2
2497,1
2500,1
2504,1
2512,1
2521,1
2525,1
2526,1
2527,3
2529,2
2532,2
2533,2
2535,2
2537,1
2540,1
2541,1
2545,1
2551,1
2555,1
2557,1
2558,1
2561,1
2562,1
2564,1
2569,1
2570,1
2571,1
2572,1
2573,1
2574,1
2577,1
2580,1
2583,1
2584,2
2585,2
2590,1
2592,1
2599,1
2607,1
2609,1
2611,2
2617,1
2618,1
2620,1
2630,1
2631,1
2633,1
2635,1
2641,1
2650,2
2651,1
2658,1
2667,1
2670,1
2681,1
2683,1
2688,1
2693,3
2694,2
2695,1
2697,1
2698,2
2699,1
2700,1
2701,2
2702,1
2711,1
2720,1
2722,1
2725,1
2728,1
2729,1
2733,1
2734,2
2738,1
2742,1
2747,1
2751,1
2752,1
2754,1
2766,1
2769,1
2772,1
2773,1
2774,1
2781,1
2784,1
2786,1
2788,1
2801,1
2811,1
2815,1
2817,1
2819,1
2821,1
2825,1
2826,2
2827,1
2828,1
2829,2
2831,1
2834,1
2836,2
2837,4
2853,1
2854,1
2858,1
2859,1
2871,1
2873,1
2878,1
2882,1
2884,1
2887,1
2893,2
2898,1
2899,1
2900,1
2901,1
2902,1
2904,1
2905,1
2906,2
2907,1
2908,2
2909,1
2911,1
2916,1
2919,1
2920,1
2921,1
2923,1
2926,1
2927,1
2929,1
2930,1
2931,1
2939,1
2941,2
2946,1
2947,1
2951,1
2952,1
2960,1
2961,1
2964,1
2966,1
2970,1
2983,1
2988,1
2989,1
2992,1
2994,1
2996,1
3000,1
3001,2
3003,2
3004,1
3006,1
3009,1
3014,1
3015,1
3016,1
3018,1
3019,1
3022,1
3031,1
3032,1
3033,1
3035,1
3037,1
3043,2
3049,1
3051,2
3054,1
3059,1
3061,1
3064,1
3069,1
3071,1
3072,1
3074,1
3078,1
3081,2
3084,2
3092,1
3094,1
3102,1
3104,1
3105,1
3108,2
3119,1
3120,1
3124,1
3127,1
3128,1
3130,2
3131,1
3132,2
3139,1
3142,1
3144,1
3147,3
3148,1
3159,2
3162,1
3163,1
3167,1
3172,1
3174,2
3175,2
3177,2
3178,2
3180,3
3187,2
3190,2
3193,1
3194,1
3199,1
3200,1
3203,1
3208,2
3209,1
3211,1
3213,1
3219,1
3224,1
3228,1
3232,2
3237,1
3239,2
3242,1
3248,1
3255,2
3262,1
3263,1
3266,1
3269,2
3277,1
3282,1
3284,1
3292,1
3301,3
3312,1
3315,1
3319,1
3320,1
3322,1
3325,3
3326,1
3328,1
3329,2
3338,1
3345,1
3348,1
3349,1
3352,1
3353,1
3355,1
3360,1
3365,1
3375,1
3377,1
3383,3
3385,1
3386,1
3394,1
3399,1
3400,1
3401,1
3404,1
3405,1
3408,2
3412,2
3414,2
3415,1
3423,1
3427,1
3432,1
3460,1
3461,2
3463,1
3472,1
3486,2
3492,1
3494,1
3497,1
3499,1
3500,1
3506,1
3512,1
3515,1
3521,1
3526,1
3527,1
3528,1
3529,1
3534,1
3540,2
3541,1
3543,1
3551,2
3552,1
3554,1
3556,1
3561,1
3567,2
3570,1
3574,1
3575,1
3579,1
3581,1
3585,1
3590,1
3591,1
3593,1
3595,1
3598,1
3602,2
3607,1
3618,1
3622,1
3623,2
3624,1
3625,1
3627,1
3628,1
3631,1
3633,1
3637,1
3638,1
3644,1
3649,2
3656,1
3658,1
3677,1
3684,1
3686,1
3687,2
3690,1
3702,1
3703,1
3705,2
3706,1
3707,1
3708,1
3709,2
3710,1
3711,2
3714,1
3717,1
3718,1
3722,1
3726,1
3736,1
3737,1
3738,1
3740,1
3744,1
3759,1
3760,1
3761,1
3774,1
3776,3
3780,1
3781,1
3783,1
3789,2
3790,1
3794,1
3797,1
3801,1
3802,1
3803,1
3807,1
3811,1
3823,1
3827,1
3828,1
3831,1
3842,1
3849,1
3850,1
3860,1
3861,1
3866,1
3867,1
3869,1
3875,1
3887,1
3897,2
3900,2
3905,1
3910,1
3913,1
3914,1
3919,2
3926,1
3927,2
3935,1
3939,1
3940,1
3942,1
3943,1
3952,1
3953,2
3961,1
3971,2
3976,1
3979,1
3982,1
3992,1
3995,1
3996,1
4000,1
4003,1
4005,2
4011,1
4014,1
4016,1
4017,1
4020,2
4024,1
4026,2
4037,1
4043,1
4086,2
4115,1
4120,1
4126,1
4129,1
4140,2
4141,1
4142,1
4144,1
4147,1
4148,1
4159,1
4164,1
4166,1
4174,2
4179,1
4189,1
4192,2
4193,2
4194,1
4196,1
4197,1
4199,1
4204,2
4206,1
4207,1
4213,2
4214,1
4215,1
4216,1
4229,1
4239,2
4241,1
4243,1
4268,1
4272,1
4278,1
4279,1
4291,1
4292,2
4293,1
4298,1
4304,1
4307,1
4308,1
4309,1
4317,1
4323,1
4328,1
4332,1
4342,1
4345,1
4356,1
4360,1
4375,1
4381,1
4383,1
4393,1
4404,1
4413,1
4438,1
4444,1
4445,1
4446,1
4454,1
4457,1
4471,1
4474,1
4479,1
4499,1
4501,1
4508,1
4522,1
4533,1
4535,1
4571,1
4573,1
4580,1
4587,1
4591,1
4592,1
4600,1
4602,1
4612,1
4615,1
4616,1
4620,1
4625,1
4630,1
4632,1
4643,1
4648,1
4649,1
4654,1
4659,1
4664,1
4672,1
4686,2
4688,1
4690,1
4692,1
4697,1
4704,1
4712,1
4734,1
4745,1
4765,1
4767,1
4768,1
4769,1
4776,1
4777,1
4780,2
4788,3
4799,1
4800,1
4807,1
4811,1
4815,1
4820,5
4823,1
4828,1
4837,1
4840,1
4865,1
4869,2
4879,1
4895,1
4898,1
4900,1
4909,1
4911,1
4914,1
4915,2
4916,2
4917,1
4918,1
4919,2
4925,2
4932,1
4951,1
4952,1
4960,4
4967,1
4969,1
4976,1
4977,1
4987,1
4990,1
4991,3
4996,1
5000,1
5014,1
5040,2
5049,1
5060,1
5067,1
5070,1
5072,1
5092,1
5110,1
5113,1
5126,1
5132,1
5134,1
5137,1
5140,1
5141,1
5145,1
5159,1
5166,1
5218,1
5228,1
5265,1
5266,1
5274,1
5297,1
5302,2
5304,1
5313,1
5320,1
5321,1
5328,1
5333,1
5338,1
5340,1
5353,1
5360,1
5378,1
5384,1
5387,1
5399,1
5417,1
5430,1
5437,1
5465,1
5478,1
5480,1
5493,1
5496,1
5500,1
5510,1
5514,1
5517,1
5528,1
5531,1
5548,1
5552,1
5557,1
5587,1
5591,1
5592,1
5594,1
5610,2
5620,1
5628,1
5630,1
5641,1
5646,1
5649,1
5650,1
5656,2
5660,1
5663,1
5700,1
5716,1
5717,1
5726,1
5743,1
5760,1
5762,1
5775,1
5779,1
5782,1
5809,1
5820,1
5867,2
5885,1
5905,1
5910,1
5915,1
5932,1
5946,1
5947,2
5965,1
5993,1
5995,2
6012,1
6028,1
6032,1
6037,1
6056,1
6069,1
6086,1
6091,1
6111,2
6122,1
6140,2
6141,1
6173,1
6219,1
6251,1
6260,1
6262,1
6266,1
6270,1
6279,1
6285,1
6288,1
6297,1
6305,1
6306,1
6311,1
6313,1
6318,1
6319,1
6320,1
6321,1
6323,1
6326,1
6327,1
6329,2
6335,1
6337,2
6339,2
6340,2
6341,1
6343,1
6344,2
6349,1
6351,1
6360,1
6363,1
6367,2
6371,2
6377,1
6381,1
6383,1
6400,1
6408,1
6411,1
6414,1
6427,1
6434,2
6436,2
6443,1
6447,1
6456,1
6472,1
6479,1
6485,1
6487,2
6491,1
6493,1
6500,1
6523,1
6527,2
6528,1
6530,1
6532,1
6534,1
6542,1
6548,1
6549,1
6565,1
6572,1
6573,1
6574,1
6576,1
6581,1
6614,1
6643,1
6648,1
6653,2
6655,1
6660,1
6661,1
6675,1
6680,1
6716,1
6731,1
6732,1
6743,1
6744,2
6748,1
6753,1
6761,1
6763,1
6767,1
6775,1
6798,1
6800,3
6807,1
6819,1
6824,1
6825,1
6837,1
6847,1
6860,2
6867,1
6875,1
6881,1
6893,1
6899,1
6910,1
6913,1
6915,1
6918,1
6920,1
6942,1
6948,1
6957,1
6967,1
7013,1
7027,1
7037,1
7040,1
7049,1
7051,1
7058,1
7063,1
7069,1
7070,1
7075,1
7110,1
7120,1
7121,1
7128,1
7132,1
7153,1
7190,1
7197,1
7205,1
7212,1
7214,1
7216,1
7225,2
7237,1
7249,1
7250,1
7279,1
7315,1
7333,1
7359,1
7383,1
7384,1
7387,1
7461,1
7473,1
7481,2
7535,1
7548,1
7555,1
7563,1
7609,1
7638,1
7640,1
7643,2
7653,2
7654,1
7679,1
7680,1
7705,1
7706,1
7724,1
7732,1
7734,1
7752,1
7759,1
7760,1
7788,1
7809,1
7813,1
7856,1
7862,1
7863,1
7879,1
7893,1
7910,2
7944,1
7948,1
7949,1
7980,1
7981,1
7997,1
8001,2
8029,1
8035,1
8057,1
8061,1
8067,1
8068,1
8103,1
8105,1
8111,1
8120,1
8121,1
8122,2
8133,1
8134,1
8147,1
8160,3
8176,1
8180,1
8184,1
8185,2
8187,2
8211,1
8213,1
8223,1
8236,1
8241,1
8251,1
8261,1
8268,1
8293,1
8297,1
8303,2
8309,1
8314,1
8325,1
8335,1
8337,1
8340,2
8342,1
8347,1
8352,1
8355,1
8360,1
8361,1
8363,1
8375,1
8400,1
8406,1
8411,1
8441,1
8459,1
8500,1
8523,1
8525,1
8538,1
8540,1
8544,1
8546,1
8558,1
8566,1
8576,1
8581,1
8597,1
8617,1
8619,1
8648,1
8679,1
8690,1
8705,1
8735,1
8737,1
8748,1
8784,1
8785,1
8786,1
8809,1
8812,1
8854,1
8861,2
8879,1
8903,1
8927,1
8946,1
8950,1
8966,1
8971,1
8975,1
9003,1
9008,1
9078,1
9085,1
9101,1
9116,1
9132,1
9137,1
9144,1
9169,1
9170,1
9199,1
9214,1
9217,1
9234,1
9262,1
9298,1
9300,1
9348,1
9351,1
9381,1
9402,1
9424,1
9474,1
9485,1
9516,1
9523,1
9564,1
9654,1
9676,1
9707,1
9711,1
9718,1
9722,1
9740,1
9742,1
9746,1
9762,1
9763,1
9778,1
9781,1
9820,1
9855,1
9875,1
9894,1
9940,1
9995,1
10009,1
10011,1
10013,1
10043,1
10046,1
10120,2
10123,1
10133,1
10140,1
10149,1
10155,1
10160,2
10161,1
10171,2
10173,1
10180,1
10192,1
10194,1
10206,1
10228,1
10236,1
10255,1
10272,1
10280,1
10318,1
10320,1
10337,1
10339,1
10379,1
10380,4
10400,2
10410,1
10486,1
10488,2
10517,1
10525,3
10541,1
10556,1
10589,1
10604,1
10606,1
10647,1
10669,1
10674,1
10684,1
10686,1
10699,1
10713,1
10715,1
10722,1
10723,1
10727,1
10766,1
10787,1
10818,1
10823,1
10829,1
10851,1
10863,1
10873,1
10879,1
10885,1
10992,1
11017,1
11033,1
11037,1
11038,1
11056,1
11064,1
11094,1
11133,1
11138,1
11220,1
11227,1
11231,1
11237,1
11347,1
11360,1
11380,2
11421,2
11424,1
11441,1
11477,1
11480,1
11485,1
11489,1
11491,1
11498,1
11506,1
11522,1
11542,1
11571,1
11579,1
11594,1
11596,1
11603,1
11643,1
11714,1
11720,1
11737,2
11771,1
11797,1
11860,1
11889,1
11891,1
11918,1
12090,1
12111,1
12157,1
12275,1
12319,1
12326,1
12339,1
12381,1
12486,1
12537,1
12538,1
12562,1
12616,1
12716,1
12806,1
12818,1
12820,1
12888,1
12909,1
13012,1
13019,1
13031,1
13042,1
13050,1
13071,1
13099,1
13121,1
13176,1
13178,1
13184,1
13232,1
13234,1
13244,1
13268,1
13280,1
13318,1
13331,2
13332,1
13395,1
13431,1
13450,1
13458,1
13476,1
13497,1
13507,1
13528,1
13530,1
13602,1
13618,1
13621,1
13647,1
13716,1
13718,1
13807,1
13823,1
14042,1
14046,1
14066,1
14152,1
14187,1
14189,1
14202,1
14227,1
14275,1
14295,1
14297,1
14352,1
14360,1
14403,1
14480,1
14609,1
14649,2
14683,1
14693,1
14762,1
14859,1
14927,1
14962,1
14967,1
15200,1
15210,1
15227,1
15302,1
15306,1
15400,2
15420,2
15462,1
15477,1
15542,1
15560,3
15562,1
15566,1
15580,1
15600,1
15684,1
15801,1
15932,2
15933,1
16158,1
16281,1
16357,1
16371,1
16442,1
16573,1
16706,1
16731,1
16774,1
16952,1
17025,1
17206,1
17346,1
17427,1
17557,1
17593,1
17596,1
17680,1
17861,1
18110,1
18188,1
18328,1
18375,1
18448,1
18619,1
18653,1
18714,1
18757,1
18882,1
18915,1
18961,1
19036,1
19119,1
19230,1
19240,1
19267,1
19397,1
19639,1
19905,1
20103,1
20198,1
20204,1
20257,1
20265,1
20266,1
20351,1
20706,1
20769,1
20839,1
20848,1
21089,1
21173,1
21180,1
21303,1
21305,2
21760,1
21879,1
21932,1
22050,1
22216,1
22532,1
22592,1
22595,1
22601,1
22721,1
22723,1
22726,1
22759,1
22760,1
22767,1
22940,1
23377,1
23385,1
23507,1
23509,1
23702,1
24143,1
24272,1
24286,1
24344,1
24372,1
24440,1
24501,1
24519,1
24545,1
24580,2
24824,1
24849,1
24878,1
25090,1
25100,1
25474,1
25589,1
25621,1
25623,1
25625,1
25668,1
25678,1
25752,1
25932,1
26070,1
26271,1
26315,1
26446,1
26572,1
26583,1
26681,1
26702,1
26778,1
26780,1
27201,1
28051,1
28207,1
28252,1
28402,1
28645,1
29048,1
29092,1
29094,1
29385,1
29415,1
29858,1
30401,1
30773,1
31057,1
31100,1
31234,1
31266,1
31268,1
31335,1
31347,1
31354,1
31356,1
31483,1
31652,1
31772,1
32077,1
32078,1
32598,1
32663,1
32680,1
33165,1
33439,1
33879,1
33881,1
34294,1
34532,1
34620,1
34686,1
34758,1
34784,1
34829,1
34905,1
34969,1
34979,1
35064,1
35296,1
35402,1
35561,1
35884,1
35903,1
36186,1
36321,1
36775,1
36949,1
36950,1
36951,1
37516,1
37534,1
37576,1
37862,1
38467,1
38469,1
39042,1
39658,1
39665,1
39667,1
39996,1
40027,1
40033,1
40565,1
40737,1
40995,1
41235,1
41256,1
41581,1
41644,1
41838,1
43133,1
43473,1
43892,1
44047,1
44134,1
44810,1
45545,1
45547,1
45652,1
45656,1
45749,1
46000,1
46263,1
46330,1
46895,1
47097,1
47490,1
47584,1
47860,1
48232,1
48380,1
49602,1
49633,1
49978,1
50251,1
50843,1
50919,1
51295,1
52191,1
52854,1
53200,1
53771,1
53876,1
54520,1
56070,1
56090,1
56933,1
57073,1
57672,1
57798,1
58080,1
58099,1
59152,1
59160,1
59224,1
59226,1
59764,1
59976,1
60363,1
62448,1
62999,1
63654,1
64146,1
64326,1
64457,1
65055,1
65057,1
65139,1
65172,1
65477,1
65606,1
65689,2
66481,1
67750,1
68060,1
68135,1
68137,1
68432,1
68608,1
69065,1
73316,1
74458,1
74981,1
76305,1
76328,1
79213,1
80005,1
82831,1
82834,1
85319,2
85716,1
87920,1
88736,1
89873,1
92255,1
94335,1
94886,1
95190,1
97883,1
97892,1
98503,1
99765,1
100826,1
101159,1
101321,1
102323,1
102325,1
102627,1
104272,1
104797,1
105965,1
106330,1
106332,1
106889,1
107687,1
112404,1
112474,1
112834,1
113331,1
113455,1
113474,1
115337,1
118265,1
123994,1
124553,1
125435,1
126175,1
126835,1
129465,1
130754,1
131000,1
131347,1
131350,1
131351,1
131352,1
131353,2
132625,1
132637,1
137451,1
137453,1
137656,1
138846,1
139437,1
140569,1
141577,1
145816,1
148599,1
148910,1
150488,1
152182,1
152296,1
152453,1
152686,2
152757,1
153482,1
154111,1
156860,1
157292,1
160477,1
169027,1
177093,1
177529,1
177701,1
181271,1
190157,1
194574,1
194986,1
196910,1
204340,1
205014,1
211539,1
214753,1
221179,1
223021,1
223226,1
223607,2
233543,1
233970,1
240890,1
247096,1
253470,1
256731,1
258873,1
262861,1
263297,1
274695,1
274697,1
275783,1
283774,1
286296,1
292176,1
292493,1
310059,1
314789,1
314800,1
321661,1
321863,1
358607,1
360970,1
363688,1
365838,1
366205,1
374282,1
376597,1
391944,1
413562,1
423093,1
424179,1
441269,1
446265,1
453683,1
494083,1
502141,1
537266,1
553112,1
566628,1
575978,1
581641,1
583754,1
616617,1
616618,1
616619,1
616620,1
621895,1
645543,1
653028,1
661999,1
724295,1
728934,1
774176,1
898064,1
923933,1
956101,1
995189,1
1048575,1
1048578,1
1079804,1
1100449,1
1372020,1
1531956,1
1667907,1
1842718,1
1916924,1
2348167,1
2443882,1
3881263,1
3940597,1
4968564,1
5013095,1
5085317,1
5310176,1
9505163,1
14026423,1
25776909,1
25980365,1
27637897,1
